Search Term HGL,Views
"  ",321
" ",230
" hgis+germany ",101
" istanbul ",85
" road ",42
" TEXAS ",41
" sweden ",40
" europe+boundary ",26
" infrastructures ",25
" istanbul",23
" HGIS",20
" HGIS ",20
" CADASTRAL+PARCELS ",19
" sichuan ",19
" new+orleans ",18
" vtd+2010 ",18
" hgis+germany",17
" water+quality ",17
" HGIS+Germany ",16
" mountain ",16
" rome &sort=dc_title_sort+asc",16
" germany &sort=solr_year_i+desc%2C+dc_title_sort+asc",15
" quincy ",15
" population+data ",15
" copenhagen",15
" ISTANBUL &sort=solr_year_i+asc%2C+dc_title_sort+asc",15
" new+york ",14
" indonesia ",13
" shanghai",13
" germany",13
" zambia ",13
" electrical+networks ",12
" historical+data+ &sort=solr_year_i+desc%2C+dc_title_sort+asc",11
" morocco ",11
" china ",11
" sweden",11
" 1995+voting+district",11
" voting+district ",11
" poland ",10
" quincy",10
" German+Historical+GIS ",10
" sewer ",10
" austria ",10
" Rhode+island ",9
" Historical+United+States+County+Boundaries ",9
" Russia ",9
" idaho ",9
" Hainan ",8
" argentina+water",8
" wind ",8
" Austria &sort=solr_year_i+asc%2C+dc_title_sort+asc",8
" nepal ",8
" %22hgis+germany%22 ",8
" east+indies ",8
" boston",8
" china",8
" road",8
"  &sort=solr_year_i+desc%2C+dc_title_sort+asc",8
" census ",8
" worcester ",8
" istanbul &sort=solr_year_i+asc%2C+dc_title_sort+asc",8
" sichuan",7
" climate ",7
" hospital ",7
" maroc ",7
" elevation",7
" 2000+voting+district",7
" Shanghai",7
" vietnam ",7
" kenya+ ",7
" india",7
" rhode+island ",7
" monastery ",7
" colorado ",7
" China",7
" historical+data+ ",7
" HGIS+Germany &sort=dc_title_sort+asc",6
" st+louis ",6
" Voting+precincts ",6
" tennessee ",6
" Arizona+Voting+Districts",6
" Ipswich ",6
" map ",6
" China+agriculture",6
" Plan+d%27ensemble+de+la+ville+de+Constantinople",6
" Istanbul ",6
" Philippines ",6
" SUBSTATIONS ",6
" monasteries ",6
" egypt",6
" Austria ",6
" flood+risk+zones ",6
" korea &sort=solr_year_i+asc%2C+dc_title_sort+asc",6
" barcelona",6
" income+distribution ",5
" rivers ",5
" hazardous+waste+locations",5
" 2000+voting+district+ohio ",5
" Rome%2C+Italy &sort=dc_title_sort+asc",5
" HGIS+Germany",5
" Aqueducts+and+Canals ",5
" paris ",5
" Charlestown &sort=solr_year_i+asc%2C+dc_title_sort+asc",5
" world+map",5
" yenching+institute ",5
" First-level+Administrative+Divisions%2C+Europe &sort=solr_year_i+asc%2C+dc_title_sort+asc",5
" prussia ",5
" Ethiopia ",5
" europe&bbox=-6.238796%2037.788081%2034.718235%2060.283408",5
" hgis+germany&bbox=7.294529%2050.064192%2012.831639%2052.802761",5
" network ",5
" Des+Moines+Iowa+",5
" endangered+species ",5
" bias ",5
" map",5
" florence",5
" Carte+de+la+Turquie+d%27Europe%2C+en+15+feuilles+",5
" english+church ",5
" austria-hungary ",5
" Germany",5
" Burma ",5
" germany+roads ",5
" voting+district",5
" historical+data+austria ",5
" thailand ",5
" Malaya",5
" wildlife ",5
" hong+kong ",5
" philippines ",5
" massachusetts ",5
" agriculture ",5
" germany ",5
" black+sea",5
" israel",5
" climate",5
" voting+district+2010",5
" colorado",5
" ohio &sort=solr_year_i+asc%2C+dc_title_sort+asc",5
" tbilisi",4
" Egypt ",4
" Houston",4
" world &sort=solr_year_i+asc%2C+dc_title_sort+asc",4
" sewer",4
" serengeti",4
"  &sort=solr_year_i+asc%2C+dc_title_sort+asc",4
" precinct+north+carolina",4
" zambia",4
" city+boundaries ",4
" land+use+1700",4
" population+density+minnesota",4
" mexico+highway",4
" california",4
" China ",4
" hazardous+waste+locations ",4
" argentina",4
" Charlestown",4
" water ",4
" land+use",4
" HPMS ",4
" world+map ",4
" panama ",4
" topographic ",4
" precinct",4
" elevation ",4
" Ukraine",4
" ohio",4
" Napoli",4
" Chelsea%2C+massachusetts ",4
" iran",4
" indonesia",4
" Ohio+voting+district ",4
" Malacca",4
" Parnell+street",4
" conflict+data",4
" Hainan",4
" india ",4
" ROME &sort=dc_title_sort+asc",4
" Railway+Lines+in+Germany ",4
" 2000+voting+district ",4
" ohio ",4
" yemen ",4
" colonial+africa ",4
" dorchester",4
" Prussia ",4
" cambridge",4
" boston ",4
" agriculture",4
" population",4
" Woburn+Massachusetts ",4
" Brookline&bbox=-71.181435%2042.264352%20-71.0084%2042.365901",3
" Germany+occupation",3
" ghana",3
" euratlas",3
" historical+data+brazil ",3
" euratlas+2nd ",3
" ghana+districts",3
" road+esri+world ",3
" NATICK ",3
" sudan+roads ",3
" Palau ",3
" endangered+species",3
" black+sea ",3
" census+tracts+oklahoma ",3
" voting+district+2010 ",3
" city+map&bbox=28.809585%2040.891715%2029.155654%2041.099017",3
" harvard",3
" cranston+rhode+island&bbox=-71.422121%2041.751464%20-71.335604%2041.802671",3
" holy+roman+empire ",3
" lower+manhattan ",3
" mali ",3
" airport",3
" Tajikistan ",3
" hong+kong",3
" Russia",3
" ia+vtd",3
" Palau",3
" india+district+1941",3
" poland",3
" North+Dakota+Voting+Precincts",3
" NATICK",3
" marine+nutrients ",3
" Marash",3
" Germany+Railways",3
" China+census",3
" argentina ",3
" new+holland",3
" Austria",3
" hgis+germany+Railway",3
" infrastructures",3
" hgis",3
" kenya+",3
" lower+manhattan",3
" Colombia ",3
" nitrogen",3
" US+Historic+County+Boundaries+1980 ",3
" Vienna",3
" russian+empire",3
" sweden &utf8=%E2%9C%93",3
" 1995+voting+districts ",3
" savona",3
" colorado+national+forests ",3
" king &sort=solr_year_i+asc%2C+dc_title_sort+asc&utf8=%E2%9C%93",3
" suzhou",3
" 1990 ",3
" prussia",3
" sydney",3
" taiwan",3
" istanbul+map ",3
" turkey",3
" water",3
" London ",3
" ottoman",3
" austria",3
" precinct ",3
" wind",3
" plan+of+ancient+rome",3
" egypt ",3
" mountain &bbox=56.625465%2021.207459%20100.92234%2049.325122",3
" vienna",3
" world",3
" population+data",3
" 1988",3
" massachusetts",3
" kenya",3
" rivers&bbox=-114.041554%2025.641526%20-69.744679%2052.375599",3
" historical+data",3
" edgewood+rhode+island",3
" ancient+rome",3
" israel ",3
" chace",3
" forests%2C+Europe",3
" hgis+germany+andreas+kunz",2
" Qing+dynasty+map",2
" 2010+voting+district+ohio",2
" Banff",2
" Besatzung",2
" Brookline",2
" Cambridge",2
" Carte+de+l%27%C3%89gypte+chr%C3%A9tienne",2
" Census+Voting+Districts+1990",2
" China+geo",2
" China+geoexplorer",2
" China+georxplorer",2
" Cumberland+MD",2
" Egypt",2
" Germany+",2
" 2010+voting+district",2
" HGIS+Germany+county",2
" Hesse",2
" Indonesia+coast",2
" Lancaster+County+Nebraska",2
" Lauenburg",2
" Lorentz+and+Keil",2
" Miscellaneous+industry+points",2
" Occupation",2
" Occupation+1945",2
" Ohio+voting+district",2
" Preu%C3%9Fen",2
" 2010+North+Carolina",2
" 2000+voting+district+ohio",2
" QInLing",2
" US+forests",2
" Westmount+",2
" ZIP+census+block",2
" 2000+North+Carolina",2
" apartheid",2
" apulia",2
" argentina+population",2
" average+temperature+world",2
" bias",2
" blackrock",2
" blackrock%2C+co.+dublin",2
" bouundaries",2
" brasil",2
" brazil",2
" city+map+1821",2
" coconut+grove%2C+florid",2
" crete",2
" crop+land+Kenya",2
" de+la+noir",2
" east+indies",2
" 1995+voting+districts+washington",2
" ej+screen",2
" endangered+species+michigan",2
" english+church",2
" etiopia",2
" foreign+land+ownership+united+states",2
" forest",2
" forests%2C+Espana",2
" forests%2C+Spain",2
" ga+vtd",2
" germany+1952",2
" ghana+203+districts",2
" ghandi",2
" gotland",2
" greenwood+1830",2
" grocery",2
" 1995+voting+district+ohio",2
" 1995+voting+district+north+carolina",2
" hi+vtd",2
" historical+data%3AGermany",2
" historical+data+1648",2
" historical+data+China",2
" historical+data+germany+1648",2
" historical+data+greece",2
" historical+data+india+districts",2
" historical+data+japan",2
" historical+data+south+america",2
" holy+roman+empire",2
" hospital",2
" idaho",2
" implicit+bias",2
" india+district+2011",2
" indies",2
" indonesia+road",2
" innovation",2
" iran+afghanistan",2
" istanbul+1900",2
" japan",2
" 1995+VTDs",2
" khat",2
" kosovo",2
" la+pianta+grande+di+roma",2
" longanfu",2
" lund",2
" mali",2
" marine",2
" marine+nutrients",2
" mass",2
" 1995",2
" mexico+port",2
" michigan",2
" michigan+deer",2
" michigan+trees",2
" minneapolis",2
" monastery",2
" mongolia",2
" nc+vtd",2
" new+york",2
" north+carolina+voting",2
" north+dakota+1995",2
" north+shore",2
" ny+vtd",2
" pharmacy",2
" philippines",2
" plans+directeurs",2
" 1951+india",2
" potsdam+",2
" railway",2
" redlining+boston",2
" regierungsbezirke",2
" road+africa",2
" road+esri+world",2
" road+world",2
" sahel",2
" salmon+falls",2
" scanned",2
" seoul",2
" sierra+leone",2
" skin",2
" stockholm",2
" supermarket",2
" sweden+energy",2
" taiwan+",2
" taiwan+environment",2
" taiwan+habitat",2
" tea+",2
" transportation+data+of+houston",2
" ukraine",2
" varese",2
" vernon+center+ny",2
" vernon+new+york",2
" voting+district+2000",2
" voting+districts+washington",2
" vtd+1995",2
" vtd+2010",2
" watertown",2
" worcester",2
" 1890+county",2
" world+war+1+trenches",2
" yemen",2
" zahir+shah",2
" zhejiang",2
" zonguldak",2
" 1850+counties",2
" viyana",2
"  &bbox=-12.557684%20-7.2611%2029.805597%2026.836837",2
" sweden &bbox=7.29442%2053.46189%2029.442858%2062.69431",2
" sweden &bbox=8.218428%2051.151786%2030.366865%2060.909073",2
" wetland &utf8=%E2%9C%93&bbox=-180%20-89.961607%20180%2071.524909",2
" mountain &bbox=-117.993284%2036.694851%20-112.456175%2040.136891",2
" mountain &bbox=-125.595703%2032.026706%20-103.447266%2045.644768",2
"  &sort=solr_year_i+desc%2C+dc_title_sort+asc&bbox=-111.56668%2039.13006%20-89.418243%2051.426614",2
"  &bbox=119.737244%2027.671367%20121.094055%2028.639979",2
" balearic &utf8=%E2%9C%93&bbox=4.196058%2039.826995%204.344031%2039.93238",2
" 990126902100203941",2
" europe&bbox=-1.051858%2039.232253%2039.905174%2061.185625",2
" &bbox=-127.110155%20-25.377124%2025.46797%2074.527704",2
" &bbox=-62.857951%20-33.063924%20-21.900919%200.087891",2
" &bbox=42.310654%2024.11868%2064.459091%2039.02089",2
" &bbox=43.169596%2052.346533%20127.896159%2078.585884",2
" 1990+voting+district+texas&bbox=-102.282715%2028.459033%20-94.570312%2035.88905",2
" Des+Moines+Iowa+&bbox=-94.240723%2040.913513%20-93.186035%2041.738528",2
" Saalfeld&bbox=11.357031%2050.614209%2011.373897%2050.6251",2
" Saalfeld&bbox=11.361258%2050.616932%2011.369691%2050.622378",2
" Saalfeld&bbox=11.363372%2050.618294%2011.367588%2050.621016",2
" Saalfeld&bbox=11.365528%2050.603043%2011.382394%2050.613937",2
" Saalfeld&bbox=11.369734%2050.605766%2011.378167%2050.611213",2
" brasil&bbox=-50.449219%20-7.928675%20-44.912109%20-3.557283",2
" city+map&bbox=28.933013%2040.986637%2029.01953%2041.038449",2
" city+map+1821&bbox=-6.591797%2014.944785%2037.705078%2044.840291",2
" denmark&bbox=9.585055%2055.69926%209.883059%2055.853733",2
" dublin&bbox=-6.274609%2053.339445%20-6.263795%2053.344569",2
" dublin&bbox=-6.311648%2053.323389%20-6.225131%2053.364382",2
" harvard+university&bbox=-71.132528%2042.361208%20-71.089269%2042.386571",2
" harvard+university&bbox=-71.133472%2042.362222%20-71.090214%2042.387585",2
" harvard+university&bbox=-71.140085%2042.365013%20-71.096826%2042.390375",2
" harvard+university&bbox=-71.15536%2042.348903%20-71.068842%2042.399629",2
" harvard+university&bbox=-71.343799%2042.262066%20-70.65166%2042.66729",2
" hgis+germany&bbox=8.648889%2050.66339%2010.033166%2051.354631",2
" hgis+germany&bbox=8.874157%2050.762522%209.566296%2051.108696",2
" hgis+germany&bbox=9.043452%2050.836733%209.216487%2050.92338",2
" historical+data+of+istanbul&bbox=-12.65625%208.581021%2059.765625%2061.689872",2
" historical+data+of+istanbul&bbox=-3.691406%2011.005904%2068.730469%2062.835089",2
" income+distribution&bbox=-102.12852%2041.463588%20-81.386333%2053.294993",2
" israel&bbox=33.705891%2030.42973%2036.474446%2032.305706",2
" istanbul&bbox=28.787632%2040.894207%2029.133701%2041.1015",2
" istanbul&bbox=28.955396%2041.01717%2028.957896%2041.018789",2
" istanbul+map&bbox=28.343353%2041.055538%2029.029999%2041.468457",2
" maine&bbox=-94.042969%2020.797201%20-15.46875%2067.135829",2
" nepal&bbox=73.818439%2021.99195%2095.966877%2037.202331",2
" nepal&bbox=76.034383%2021.92674%2098.182821%2037.146307",2
" nepal&bbox=93.339844%2026.980829%20115.488281%2041.442726",2
" oneida+new+york&bbox=-75.581794%2042.780283%20-74.889655%2043.182148",2
" oneida+new+york&bbox=-75.926661%2042.90816%20-75.234522%2043.309191",2
" rivers&bbox=-18.457031%2028.613459%2025.839844%2054.367759",2
" roads&bbox=8.738471%2042.439674%2014.27558%2045.598666",2
" ukraine&bbox=22.807617%2043.261206%2044.956055%2054.72462",2
" vernon&bbox=-76.27494%2042.718768%20-74.890662%2043.520672",2
" vernon&bbox=-76.736595%2042.354485%20-75.352317%2043.161116",2
" vernon+new+york&bbox=-76.145834%2042.236652%20-73.377279%2043.842451",2
" africa ",2
" Philippines",2
" 1832+rome",2
" wetland &utf8=%E2%9C%93",2
" +usa+airport",2
" hgis ",2
" +chelsea..ma",2
" rome+1826",2
" milton ",2
" rome",2
" %E8%8B%8F%E5%B7%9E",2
" %E6%B8%85",2
" rhode+island",2
" berlin+",2
" %D8%AB%D9%84%D8%BA%D8%AD%D9%81",2
" train",2
" florence ",2
" Philippines &sort=solr_year_i+asc%2C+dc_title_sort+asc",2
" historical+data+habsburg",2
" insee",2
" Bohemia ",2
" historical+data+austria",2
" germany+Railway",2
" asia+turkey",2
" asia+istanbul",2
" boston+college",2
" +L%27Honore+%26+Chatelain%2C+Amsterdam+GREEK+MAP",2
" tunisia+ ",2
" water+pollution",2
" HPMS",2
" England+",2
" Europe+1900 ",2
" Atlantic+Herring",2
" historical+markers",2
" university+of+idaho ",2
" hawaii ",2
" chiapas",2
" trees",2
" california ",2
" muhendishane",2
" india+village ",2
" zip+code",2
" wildlife",2
" georgia",2
" hgis+europe",2
" income+distribution",2
" russia",2
" 1990",2
" annecy",2
" sheet+10 ",2
" german",2
" 1815",2
" istanbul+map",2
" topographic",2
" donn%C3%A9es+climatique",2
" MOROCCO+sociode%CC%81mographique",2
" Atlas+sociode%CC%81mographique",2
" aybbe+vafhebadf+evfx+mbaff&search_field=byy_avfyef",2
" digital+elevation+model ",2
" ming+ ",2
" rome ",2
" korea",2
" Census+Voting+Districts",2
" georgia ",2
" germany+rail%2A ",2
" Sanborn+Maps ",2
" wayland",2
" vtd+2010+ky ",2
" historical+data+",2
" 2012+voting+district ",2
" Climate ",2
" Cheshire",2
" 1988+precinct",2
" 1990+voting+district",2
" siberia ",2
" euratlas ",2
" transport+germany ",2
" michigan ",2
" copenhagen ",2
" Germany ",2
" harvard ",2
" Napoli ",2
" cambridge ",2
" Houston ",2
" land+use+1700 ",2
" 1995+voting+district ",2
" north+carolina ",2
" iowa &utf8=%E2%9C%93",2
" boston &utf8=%E2%9C%93",2
" Shanghai &utf8=%E2%9C%93",2
" berlin+germany ",2
" savona ",2
" ship ",2
" VTDs ",2
" Charlestown ",2
" new+york+state+assembly ",2
" average+temperature+world ",2
" china+data+center ",2
" ROME ",2
" water+pollution ",2
" race ",2
" Karnataka ",2
" Mexico+ ",2
" Guatemala+roads ",2
" Frankfurt ",2
" balearic &utf8=%E2%9C%93",2
" India+%28District+Boundaries%2C+2011%29 ",2
" germany+Railway ",2
" 1995+precinct ",2
" 1890+county ",2
" oder &utf8=%E2%9C%93",2
" Census+Voting+Districts ",2
" Brookline &utf8=%E2%9C%93",2
" innovation ",2
" Rome &sort=dc_title_sort+asc",2
" Syracuse",2
" 2010+voting+district ",2
" boston+college&bbox=-71.180171%2042.326062%20-71.136912%2042.35144",2
" Guatemala+roads",1
" topographic&bbox=26.585026%2013.239945%2045.525455%2029.53523",1
" wayland &utf8=%E2%9C%93",1
" towns &utf8=%E2%9C%93",1
" historical+data+marash &utf8=%E2%9C%93",1
" wayland ",1
" %22London%22 ",1
" 1850+counties ",1
" sweden+boundary &sort=solr_year_i+desc%2C+dc_title_sort+asc",1
" la+pianta+grande+di+roma &utf8=%E2%9C%93",1
" gbhgis &utf8=%E2%9C%93",1
" 2004+voting+district ",1
" 2012 ",1
" chace &utf8=%E2%9C%93",1
" annecy+france &utf8=%E2%9C%93",1
" Historic+County+Boundaries+1980 &utf8=%E2%9C%93",1
" HGIS+Germany%2C+1848 ",1
" Karnataka+villages ",1
" China+population ",1
" Kenya ",1
" china+ ",1
" minneapolis ",1
" United+arab+emirates ",1
" Rocque ",1
" Germany+administrative ",1
" South+Korea ",1
" railway ",1
" Tulsa ",1
" budapest ",1
" argentina+population ",1
" argentina+water ",1
" longman &utf8=%E2%9C%93",1
" china+historical+gis ",1
" corfu ",1
" crete ",1
" england+data ",1
" maine ",1
" railway+germany ",1
" fire+data+california ",1
" georgia+shapefile ",1
" german+boundary ",1
" india+district ",1
" italy+map &sort=dc_title_sort+asc",1
" kenya ",1
" korea ",1
" mexico+port ",1
" chiapas ",1
" japan ",1
" naples ",1
" land+use ",1
" patents ",1
" plate+tectonics ",1
" population+data+colombia ",1
" road+africa ",1
" poland &utf8=%E2%9C%93",1
" russia ",1
" scandinavia ",1
" shanghai ",1
" sudan ",1
" 1995 ",1
" vienna ",1
" voting+district+2000 ",1
" war ",1
" zhejiang ",1
" italy+map+ancient &sort=dc_title_sort+asc",1
" railways ",1
" sahel ",1
" uzbekistan &sort=solr_year_i+desc%2C+dc_title_sort+asc",1
" Vienna &sort=solr_year_i+asc%2C+dc_title_sort+asc&utf8=%E2%9C%93",1
" HGIS+Germany &sort=solr_year_i+asc%2C+dc_title_sort+asc",1
" boundary+south+africa ",1
" language ",1
" sydney ",1
" hazardous+waste ",1
" 1990+voting+district+florida",1
" Vancouver",1
" north+europe",1
" northen+europe",1
" rouen",1
" city+boundaries+1950-1960 ",1
" Voting+precincts",1
" donnez+climatique",1
" train ",1
" stuart &utf8=%E2%9C%93",1
" Syracuse ",1
" historical+data+1940",1
" harvard%2C+ma ",1
" vernon",1
" chicago",1
" istanbul &utf8=%E2%9C%93",1
" Census+Voting+Districts+197",1
" Census+Voting+Districts+1990+calif",1
" Grizzly+bear",1
" protected+area",1
" ESTADO+DE+MEXICO",1
" MEXICO+STATE",1
" STATE+OF+MEXICO",1
" STATE+OF+MEXICO+HYDROGRAPHY",1
" Sverige",1
" landskap",1
" Trench ",1
" zambia+constraceptive",1
" zambia+pharmacy",1
" geographic+variables ",1
" Bohemia",1
" East+Africa",1
" azerbaijan ",1
" istanbul+akpinar",1
" new+england ",1
" 1843",1
" 1845",1
" h%C3%BCmayun",1
" humayun",1
" ejup",1
" eyup",1
" Cambridge ",1
" 1922",1
" 1815+city+map",1
" 1861+city+map",1
" 1913+city+map",1
" 1914+city+map",1
" sheets+10 ",1
" b%C3%BCy%C3%BCkada",1
" prince",1
" prince+island",1
" principio",1
" india+census &utf8=%E2%9C%93",1
" tibet",1
" odder+AND+denmark",1
" taiwan+ ",1
" states+of+US",1
" caucasus",1
" +Herring",1
" american+states",1
" azerbaijan+boundaries",1
" zip+code ",1
" georgia+boundaries",1
" jining",1
" tsining",1
" drug",1
" opiod",1
" opioid",1
" population+dataopioid",1
" postal+codes",1
" wetland",1
" iran+afghanistan ",1
" China &sort=solr_year_i+desc%2C+dc_title_sort+asc",1
" zip+code+Sweden",1
" zip+code+sweden",1
" zip+code+uk",1
" schwartz%25",1
" schwartz*",1
" schwartzw*",1
" schwartzwalder",1
" schwartzwelder",1
" city+boundaries+1950-1960",1
" toxic+waste",1
" waste",1
" Afghanistan",1
" Timurid",1
" Atlas+Historique+...+Tome+I.+A+Amsterdam%2C+chez+L%27Honore+%26+Chatelain",1
" gas",1
" mining",1
" oil",1
" landslide",1
" drug ",1
" Union+County+ohio",1
" Union+Countyohio",1
" zoning+revere",1
" harvard+campus",1
" Trench",1
" North+Carolina+VTD",1
" geologic+provinces",1
" AMS+China+%3A+Lung-ch%27uan+Region",1
" india+constituency+uttar+pradesh",1
" india+district+2001",1
" 106th+Congressional+District+Boundaries",1
" 990087238870203941",1
" Copt",1
" Coptic",1
" G8301.E42+1955+.J3%C2%A0",1
" caucasus ",1
" india+census",1
" sheet+10",1
" sheets+10",1
" Charlestown%2C+ma",1
"  &gtm_debug=1685712020579",1
" savin+hill",1
" sichuan+prefecture",1
" yenching+institute",1
" tibet ",1
" Poland",1
" World+war",1
" hgis+europe ",1
" rgp",1
" railways",1
" railways+hgis",1
" germany+rail*",1
" Climate+Data",1
" Pakistan",1
" census",1
" minnesota",1
" sewer+OR+sewage",1
" sewer+OR+seweage",1
" scutart",1
" Climate",1
" flood",1
" flooding",1
" tennessee+waste",1
" toxic+waste+locations",1
" toxic+waste+united+states",1
" STATE+OF+MEXICO+HYDROGRAPHY ",1
" wildfire",1
" king",1
" princess",1
" europe",1
" ESTADO+DE+MEXICO ",1
" germany+transport",1
" hgis+transport",1
" trenches",1
" Germany+1947",1
" historical+data+brazil",1
" historical+data+habsbourg",1
" Austrian",1
" Austrian+Empire",1
" global+land+use+1700",1
" lung-an+fu",1
" GDR",1
" german+democratic+republic",1
" population+density ",1
" berlin++germany",1
" Census+Voting+Districts+1990 ",1
" rhode+island+race",1
" Cram%27s+street+map",1
" US+Historic+County+Boundaries+1980",1
" america",1
" black+forest",1
" blackforest",1
" colorado+",1
" homeowner%27s+loan+coproration",1
" mountain+pine+beetle",1
" patagonia",1
" oneida+new+york ",1
" dublin &sort=solr_year_i+asc%2C+dc_title_sort+asc",1
" casini",1
" norway+boundary",1
" Bantustans",1
" United+arab+emirates",1
" metropolitan+south+africa",1
" south+africa+census",1
" south+african+census",1
" %222012%22+election+precinct",1
" %22London%22",1
" %22London%22+%221668%22",1
" %22London%22+%221720%22",1
" %22hgis+germany%22",1
" %22policy+analysis+exercise%22",1
" %C4%B0stanbul+map",1
" %D8%A7%D9%84%D9%88%D8%B7%D9%86+%D8%A7%D9%84%D8%B9%D8%B1%D8%A8%D9%8A",1
" %D8%AA%D8%B9%D8%B1%D9%8A%D9%81+%D9%85%D9%83%D8%AA%D8%A8%D8%A9+%D9%87%D8%A7%D8%B1%D9%81%D8%B1%D8%AF",1
" %E6%B7%AE%E6%B2%B3",1
" %E6%B8%85%E6%9C%9D",1
" %E6%B9%96%E5%8D%97",1
" %E7%A7%A6%E5%B2%AD",1
" %E7%AC%AC7%E6%AC%A1%E4%BA%BA%E5%8F%A3%E6%99%AE%E6%9F%A5",1
" %E8%B4%BE%E5%BB%BC",1
" %E8%B4%BE%E7%9F%B3%E4%BA%AD",1
" %EC%84%B8%EB%B8%90%ED%8B%B4",1
" *",1
" +%D9%85%D9%83%D8%AA%D8%A8%D8%A9+%D9%87%D8%A7%D8%B1%D9%81%D8%B1%D8%AF",1
" +appalacia",1
" +chelsea%2C+Massachusetts",1
" 02138+massachussets",1
" 1707",1
" 1755",1
" 1755+rome",1
" 1816+German+Historical+GIS",1
" 1821",1
" 1823+rome",1
" 1826+rome",1
" 1850",1
" 1862+rome",1
" 1885%3A+Railway+Lines+in+Germany+since+1835",1
" 1887+rome",1
" 1890+county+border",1
" 1891+Rome",1
" 1990+voting+district+new+jersey",1
" 1990+voting+district+texas",1
" 1995+VTDa",1
" 1995+VTDs+Montana",1
" 1995+VTDs+north+carolina",1
" 1995+precinct",1
" 1995+precinct+North+Carolina",1
" 1995+precinct+north+carol+Na",1
" 1995+voting+districts",1
" 1995+voting+districts+north+dakota",1
" 2000+VTDs+Montana",1
" 2000+voting+district+texas",1
" 2004+voting+district",1
" 2010",1
" 2012",1
" 2012+election",1
" 2012+election+precinct",1
" 2012+voting+district",1
" 2014+voting+district",1
" 2019+voting+district",1
" 2022",1
" 30034",1
" 67+Church+Street",1
" 990100637310203941",1
" 990128547680203941",1
" 990133612930203941",1
" ALULA",1
" AMS7810_S250_U54_NG50_13",1
" Administrative+District+Boundaries",1
" Al-%27Ula",1
" Alaska+2000+voting+district",1
" An+Ocean+Apart%3A+The+Relationship+between+Britain+and+America+in+the+Twentieth+Century",1
" Aqueducts+and+Canals",1
" Avenal",1
" Burma",1
" CADASTRAL+PARCELS",1
" COVID",1
" Carte+de+l%27%C3%89gypte+chr%C3%A9tienne+%3A+%C3%A9v%C3%AAch%C3%A9s+et+couvents+%281955%29",1
" Cary.square+chelsea..ma",1
" Cauca",1
" Census+Voting+Districts+198",1
" Chalrestown",1
" Chelsea%2C+massachusetts",1
" Chelsea%2C+massachusetts.+",1
" Chelsea%2C+massachusetts.+1700-1870",1
" Chelsea%2C+massaxhassaxhusettsusetts",1
" China+",1
" China+2020+census",1
" China+geo-explorer",1
" China+population",1
" China+population+2020",1
" Colombia",1
" Colombia+dem",1
" DESIGNATED+PORT+AREAS",1
" Dublin+john+rocque",1
" Ethiopia",1
" Europe+1900",1
" First-level+Administrative+Divisions%2C+Europe",1
" Frankfurt",1
" GIS",1
" GLB_CO_USA",1
" German+Historical+GIS",1
" Germany+Administrative+District",1
" Germany+Railways+HGIS",1
" Germany+Regierungsbezierke",1
" Germany+administrative",1
" San+Joaquin ",1
" HGIS+",1
" HGIS+Germany%2C+1848",1
" HGIS+Germany+1848",1
" HGIS+Germany+Province",1
" HGIS+Germany+city",1
" HGIS+bavaria",1
" Hang-chou",1
" Hegra",1
" Herat",1
" Herzogtum+Lauenburg",1
" Historic+County+Boundaries+1980",1
" Historic+County+Boundaries+and+Total+Population%2C+United+States%2C",1
" Historical+United+States+County+Boundaries",1
" Huai+",1
" Huai+River",1
" India+%28District+Boundaries%2C+2011%29",1
" Indonesia",1
" Indonesia+coastline",1
" Ipswich",1
" Ipswich%2C+ma",1
" Istanbul",1
" Jambalo",1
" Judengasse%2C+Frankfurt",1
" Karachi",1
" Karnataka",1
" Karnataka+villages",1
" Keijo++east++1951",1
" Kentucky+Voting+Districts",1
" Kenya",1
" Kranken",1
" Lauenburg+1871",1
" Los+Angeles+Map",1
" Los+Angeles+Map+1950%27s",1
" Mada%27in+Salih",1
" Maps+Rockland+Massachusetts",1
" Marubium",1
" Mexico+",1
" Minnesota+voting+precincts",1
" National+Establishment+Time+Series",1
" North+Dakota",1
" OH",1
" OH+2012",1
" OH+2014",1
" OH+2018",1
" PERIYAR+RIVER+BASIN",1
"  &sort=score+desc%2C+dc_title_sort+asc",1
" Prussia",1
" Qinling+Mountains",1
" ROME",1
" RSMeans",1
" Railroad+Stations",1
" Railroad+Stations+brunei",1
" Railroad+Stations+cambodia",1
" Railroad+Stations+malaysia",1
" Railroad+Stations+myanmar",1
" Railway+Lines+in+Germany",1
" Raster",1
" Rhode+island",1
" Rocque",1
" Rome",1
" Rome%2C+Itally",1
" Rome+1826",1
" Rome+1846",1
" Rostock",1
" Rumeli+hisar%C4%B1+",1
" Rumelihisar%C4%B1+",1
" SUBSTATIONS",1
" San+Joaquin",1
" Sanborn+Maps",1
" Seoul",1
" Shenzhen",1
" Shina",1
" South+Carolina+Precinct",1
" South+Carolina+Voting+District",1
" South+Korea",1
" Taiping+Rebellion+",1
" Taiping+rebelion",1
" Tajikistan",1
" Texas+2000+voting+district",1
" Trenton%2C+N.J.+vol.+1",1
" Tulsa",1
" USA+ZIP+Census+block",1
" VTDs",1
" Westmount+Quebec",1
" Woburn+Massachusetts",1
" ZIP",1
" ZIP+%28nine-digit%29",1
" ZIP++census+block",1
" ZIP+-+census+blocl",1
" ZIP+9",1
" ZIP+nine+digit",1
" Zip+code",1
" a",1
" admin",1
" admin+sweden",1
" africa",1
" africa+ethnic+groups",1
" africa+geographic",1
" africa+geography",1
" africa+geographyic",1
" africa+language",1
" akpinar",1
" al-ula",1
" amesbury",1
" annecy+france",1
" appalachian",1
" appalachian+community+banking",1
" apuliaterra+d%27otranto",1
" arkansas+voting",1
" armenian",1
" asdf",1
" atlas+of+indonesian+history",1
" austria+1848",1
" austria-hungary",1
" avalanche",1
" average+temperature",1
" az+vtd",1
" azerbaijan",1
" balearic",1
" bangkok",1
" bedrock+geology+of+northern+alberta",1
" bergamo",1
" berlin",1
" berlin+19080",1
" berlin+1980",1
" berlin+9080",1
" berlin+breweries+",1
" berlin+germanu",1
" beykoz",1
" bison",1
" boston+holc+map",1
" boston+income",1
" boston+residential+security+map",1
" boundaries",1
" boundaries+Gauteng",1
" boundaries+johannesburg",1
" boundary+south+africa",1
" budapest",1
" butte+county+main+roads",1
" cambodia+road",1
" cambodia+roads",1
" cambridge+ma",1
" campus",1
" caronno+pertusella",1
" census+2011",1
" census+tracts",1
" census+tracts++2010",1
" census+tracts+okc+2010",1
" census+tracts+oklahoma+2010",1
" census+voting+districts+1990+",1
" census+voting+districts+1990+oregon",1
" census+voting+districts+1995+oregon",1
" census+voting+oregon",1
" chatham",1
" chi+ning",1
" chiapas+roads",1
" china+",1
" china+data+center",1
" china+historical+gis",1
" china+historical+gis+1911",1
" china+hunan",1
" china+hunan+liling",1
" china+population+density",1
" china+qing+dynasty",1
" china+rail",1
" church+Russia",1
" churches+",1
" city+boundaries",1
" co+vtd",1
" coastline+",1
" coconut+grove%2C+florida",1
" colombia",1
" colombia+",1
" colombia++",1
" colombia++education",1
" colombia++health",1
" colonial+africa",1
" colorado+national+forests",1
" commercial+shipping+activity+2007-2008",1
" community+banking+in+appalacia",1
" corfu",1
" cranston+rhode+island",1
" crops",1
" cuchang+historical+data",1
" dam+weir",1
" dam+weir+indonesia",1
" dcw",1
" demogra%5Bhi",1
" denmark",1
" dermatology",1
" dhaka",1
" dhs",1
" dhs+mali",1
" dominick+street",1
" drought+",1
" drug+store",1
" dublin",1
" dublin+john+rocque",1
" dublin+rocque",1
" england",1
" england+2020",1
" england+data",1
" esg",1
" eskimo",1
" ethnic+groups+africa",1
" ethnicity",1
" euratlas+2nd",1
" europe+boundary",1
" felix+2001",1
" finland",1
" fire+data+california",1
" firearm",1
" firefly",1
" flood+risk+zones",1
" flooding+risks+texas",1
" florida",1
" forsyth+county+nc",1
" forsyth+county+nc+land+use",1
" fortaleza",1
" free+dc+composting",1
" galatasaray+adas%C4%B1",1
" gardner",1
" gbhgis",1
" geographic+variables",1
" geology",1
" geology+mongolia",1
" georgia+precincts",1
" georgia+shapefile",1
" german+boundary",1
" german+historical+gis",1
" germany+districs",1
" germany+roads",1
" getting+over+it",1
" ghgis",1
" glb-co-usa",1
" gothenburg",1
" great+britain+historical+gis",1
" guangzhou",1
" gun+",1
" gun+violence",1
" hagia+sophia",1
" hammer",1
" harar",1
" harv",1
" harvar",1
" harvard%2C+ma",1
" harvard+university",1
" harvard+yard",1
" harvard-ch-census",1
" hawaii",1
" haxar",1
" hazardous+waste",1
" health",1
" hedensted+denmark",1
" henrick+van+haesten",1
" hgis+germany+1937",1
" hgis+germany+rail",1
" hgis+germany+road",1
" hgis+germany+roads",1
" his+germany",1
" historical+data+2020",1
" historical+data+Africa",1
" historical+data+geography",1
" historical+data+geography+china",1
" historical+data+marash",1
" historical+data+potsdam",1
" historical+data+potsdam%2C+new+york",1
" historical+map+of+istanbul",1
" homolosine",1
" http%3A%2F%2Fhgl.harvard.edu%3A8080%2FHGL%2Fjsp%2FHGL.jsp+%3Faction%3DVColll%26VColllName%3DG7434_I8_1853_D3",1
" https%3A%2F%2Fhgl.lib.harvard.edu%2Fcatalog%2Fharvard-g4412-m4-1814-o5",1
" hungar",1
" india+1991+census",1
" india+district",1
" india+district+",1
" india+geological",1
" india+geology",1
" india+population+data",1
" india+subdistricts",1
" india+tahsil",1
" india+village",1
" indian+country",1
" indiana+voting+districts",1
" indigenous",1
" indonesia+station",1
" industry",1
" industry+louisiana",1
" intendencias+1797",1
" intendency",1
" inuit",1
" iowa",1
" iraq",1
" isis",1
" istanbul+1912",1
" istanbul+1922",1
" italy+map",1
" jakarta",1
" japan+medieval+roads",1
" japan+roads",1
" 2010+ky ",1
" kenya+schools",1
" kenya+tertiary+institutions",1
" kurdish",1
" ky+vtd",1
" la+pianta",1
" lake+george",1
" land+sea",1
" land+use+louisiana",1
" language",1
" latah+",1
" leo+hollandicus",1
" lisbon",1
" luciferase",1
" luciferin",1
" ma+vtd",1
" macau+china",1
" maine",1
" manduria",1
" maroc",1
" mass+map",1
" mi+vtd",1
" midrand",1
" milano",1
" monasteries",1
" mongolia+electricity",1
" monterrey",1
" morocco",1
" mosques+Russia",1
" mountain",1
" municipal+boundaries+johannesburg",1
" municipality+johannesburg",1
" municipality+south+africa",1
" murdock",1
" namibia",1
" nantucket+1838",1
" naples",1
" napoli",1
" nepal",1
" new+england",1
" new+england+",1
" new+orleans",1
" new+york+city+parcels",1
" new+york+state+assembly",1
" nicaragua",1
" night+lights",1
" nolli",1
" nolli+rome",1
" north+carolina",1
" north+carolina+county",1
" oneida+new+york",1
" opuwo",1
" origgio",1
" otranto",1
" pa+vtd",1
" panama",1
" panama+canal",1
" parcel+locker",1
" parcel+locker+sydney",1
" paris",1
" partidos+judiciales",1
" partidos+judiciales+spain",1
" patents",1
" pearl+harbor",1
" pennsylvania+voting+districts",1
" pervititich",1
" pingwu",1
" plate+tectonics",1
" population+data%E7%BE%8E%E5%9B%BD",1
" population+data+Vermont",1
" population+data+colombia",1
" population+data+palatinate",1
" population+density+washington+county",1
" population+density+washington+county+mn",1
" population+of+cambridge",1
" potsdam+new+york",1
" precinct+NC",1
" precinct+texas",1
" precipitation+south+americ",1
" precipitation+south+america",1
" princeton+campus",1
" protestant+palatinate",1
" race",1
" rail",1
" railraod+station",1
" railraod+vietnam",1
" railway+germany",1
" raisz",1
" religion+palatinate",1
" republic+of+texas",1
" residential+area",1
" residential+area+south+africa",1
" residential+security+map",1
" rhode+island+voting+districts",1
" ri+vtd",1
" rivers+of+Palau",1
" road+brunei",1
" road+esri",1
" roads",1
" roman",1
" rome+sheets",1
" rue+de+boeuf%2C+annecy",1
" rural+china",1
" sahel+crops",1
" salento",1
" santa+maria+la+ribera",1
" scandinavia",1
" security+map",1
" security+mpa",1
" sevastopol",1
" seventeen",1
" shaoxing",1
" sheet+maps",1
" shenzhen",1
" ship",1
" shipwreck",1
" siberia",1
" silk+road",1
" singapore+roads",1
" skane",1
" slavery",1
" st+louis",1
" st.+louis",1
" sudan",1
" sudan+roads",1
" sudbury%2C+MA",1
" sweden+bound",1
" sweden+boundary",1
" sydney+post",1
" taranto",1
" tayakadin",1
" tennessee",1
" thailand",1
" tientsin+pukow+",1
" tientsin-pukow+",1
" towns",1
" transport",1
" transport+germany",1
" university+of+idaho",1
" urban+areas+kenya",1
" uzbekistan",1
" vancouver",1
" vegetation",1
" vegetation+south+america",1
" vernon+",1
" vernon+ny",1
" veyier+du+lac",1
" vietnam",1
" vietnam+dam",1
" vietnam+exposure",1
" vietnam+rail",1
" vietnam+road",1
" vietnam+station",1
" vineyard",1
" virginia",1
" virginia+maternal+mortality+rate",1
" voting+district+tx",1
" war",1
" warren%2C+ri",1
" warren+rhode+island",1
" washington+census+1995",1
" washington+census+voting+",1
" washington+census+voting+1995",1
" waste+spill",1
" water+quality",1
" water+scarcity",1
" water+scarcity+predicitions",1
" water+scracity+",1
" webster",1
" weir+canal",1
" west+berlin+",1
" west+berlin+1980",1
" western+front",1
" western+front+map",1
" whose+heritage",1
" windmill",1
" wms",1
" world+map+shp",1
" world+political+map",1
" worldmap",1
" wuchang+historical+data",1
" wy+vtd",1
" ANCIENT+ROME",1
" Rome%2C+Italy",1
" italy+map+ancient",1
" vien",1
" Istanbul+from+Pera",1
" Istanbul+from+Pera%2C+1929+",1
" Istanbul+from+Pera%2C+1929+Not+on+View",1
"  &bbox=-11.336669%2034.524661%2032.960206%2058.217025",1
"  &bbox=-11.688406%2033.28462%2032.608469%2057.421294",1
"  &sort=solr_year_i+desc%2C+dc_title_sort+asc&bbox=-70.169329%2041.71393%20-69.996295%2041.816361",1
"  &sort=solr_year_i+desc%2C+dc_title_sort+asc&bbox=-90.703125%206.83917%20-2.109375%2060.844911",1
"  &bbox=-149.771906%209.622414%20-61.178156%2062.186014",1
"  &bbox=112.5%20-84.60784%20106.875%2072.181804",1
"  &bbox=-1.342027%20-3.133274%2019.839613%2014.292706",1
"  &bbox=-3.032227%20-3.601142%2018.149414%2013.83808",1
"  &bbox=174.375%20-82.021378%20153.28125%2077.915669",1
" sweden &bbox=10.700596%2055.316643%2021.774815%2060.009971",1
" sweden &bbox=10.722983%2054.188155%2021.797202%2059.01794",1
" sweden &bbox=11.382087%2055.416544%2022.456305%2060.097718",1
" sweden &bbox=11.470021%2055.429013%2022.54424%2060.10867",1
" istanbul &bbox=28.721008%2040.913513%2029.271698%2041.327326",1
" wetland &utf8=%E2%9C%93&bbox=-123.662109%2020.632784%20-79.365234%2048.922499",1
"  &bbox=29.007336%2040.820565%2029.180371%2040.924409",1
" city+boundaries &bbox=-88.241359%2031.278551%20-66.092921%2045.02695",1
" city+boundaries &bbox=-89.120701%2030.562261%20-66.972264%2044.43378",1
" city+boundaries &bbox=-90.395377%2030.939924%20-68.246939%2044.746733",1
" istanbul &sort=solr_year_i+asc%2C+dc_title_sort+asc&bbox=28.425947%2040.713875%2029.527327%2041.541397",1
" istanbul &sort=solr_year_i+asc%2C+dc_title_sort+asc&bbox=28.903321%2040.949951%2029.040993%2041.053592",1
" istanbul &sort=solr_year_i+asc%2C+dc_title_sort+asc&bbox=28.93603%2040.984615%2029.004866%2041.036429",1
" thailand &bbox=91.801758%207.013668%20113.950195%2023.885838",1
" race &bbox=-62.570845%2046.213557%20-61.878707%2046.592353",1
" race &bbox=-62.580872%2046.215001%20-61.888733%2046.593788",1
" race &bbox=-71.096045%2042.342378%20-71.009527%2042.393109",1
" race &bbox=-93.234206%2029.847698%20-48.937331%2055.183511",1
"  &bbox=57.671167%20-1.230374%20146.264917%2056.656226",1
" mountain &bbox=-111.994116%2035.173808%20-100.919898%2042.032974",1
" mountain &bbox=-116.849081%2031.690782%20-94.700644%2045.367584",1
" mountain &bbox=-119.301306%2035.514343%20-113.764197%2039.010648",1
" mountain &bbox=-120.454287%2032.934929%20-109.380068%2039.993956",1
" mountain &bbox=-121.640625%2023.885838%20-77.34375%2051.179343",1
" mountain &bbox=-122.817694%2037.291535%20-117.280585%2040.705628",1
" mountain &bbox=-122.982822%2036.791691%20-111.908603%2043.500752",1
" mountain &bbox=28.700149%202.108899%20117.293899%2058.447733",1
" mountain &bbox=-117.208091%2038.664067%20-115.823814%2039.516755",1
" mountain &bbox=-118.323615%2038.43638%20-115.555061%2040.136891",1
" mountain &bbox=-118.400558%2038.410558%20-115.632003%2040.111689",1
" mountain &bbox=-120.225433%2037.195331%20-114.688324%2040.613952",1
" mountain &bbox=-123.710144%2035.639441%20-112.635925%2042.455888",1
"  &sort=solr_year_i+desc%2C+dc_title_sort+asc&bbox=-125.838438%2033.063924%20-81.541563%2057.279043",1
"  &sort=solr_year_i+desc%2C+dc_title_sort+asc&bbox=-149.89962%2015.792254%20-61.30587%2064.997939",1
"  &sort=solr_year_i+desc%2C+dc_title_sort+asc&bbox=-15.413966%20-68.39918%20-21.038966%2085.568066",1
"  &bbox=-180%20-89.563972%20180%2088.359097",1
" Charlestown &sort=solr_year_i+asc%2C+dc_title_sort+asc&bbox=-71.273107%2042.260033%20-70.927038%2042.46298",1
" Charlestown &sort=solr_year_i+asc%2C+dc_title_sort+asc&bbox=-71.478424%2042.067646%20-70.786285%2042.474123",1
"  &bbox=117.454834%2026.725987%20122.88208%2030.581179",1
"  &bbox=118.866577%2027.332735%20121.5802%2029.267233",1
"  &bbox=120.06546%2027.822074%20120.743866%2028.306799",1
"  &bbox=120.220642%2027.819645%20120.899048%2028.304381",1
"  &bbox=7.525635%2048.922499%2013.062744%2051.727028",1
"  &bbox=8.76709%2049.60715%2011.535645%2051.010299",1
" hospital &bbox=1.494141%2045.182037%2020.830078%2056.24335",1
" precinct &bbox=-81.886597%2034.411442%20-79.118042%2036.204391",1
" precinct &bbox=-83.111572%2033.275435%20-77.574463%2036.870832",1
"  &bbox=-99.218984%20-76.999935%20-136.484609%2082.586106",1
"  &bbox=102.188326%2028.31212%20122.359224%2042.559556",1
"  &bbox=108.197425%2027.34835%20128.368324%2041.751644",1
"  &bbox=48.320254%201.58183%20129.003848%2058.170702",1
"  &bbox=-143.599529%20-26.536121%208.978596%2074.180066",1
"  &bbox=-100.530182%200.615223%20-62.385651%2033.651208",1
"  &bbox=-146.534791%20-35.46067%206.043334%2071.074056",1
"  &bbox=-95.221146%209.622414%20-76.14888%2026.273714",1
" precinct &bbox=-81.33728%2034.307144%20-78.568726%2036.102376",1
" precinct &bbox=-87.451172%2030.221102%20-76.376953%2037.509726",1
" Charlestown &bbox=-71.158104%2042.306515%20-70.985069%2042.407995",1
" budapest &bbox=-14.086839%2018.979026%2074.506911%2066.372755",1
" budapest &bbox=-168.75%20-15.284185%20-174.375%2088.891968",1
" budapest &bbox=-26.71875%2037.020098%2061.875%2073.378215",1
" budapest &bbox=11.633%2046.080852%2017.17011%2049.04507",1
" budapest &bbox=11.683368%2040.613952%2033.831806%2052.61639",1
" budapest &bbox=14.699707%2047.583937%2020.236816%2050.464498",1
" budapest &bbox=17.334905%2045.359865%2022.872014%2048.363549",1
" budapest &bbox=18.280523%2046.954012%2019.664801%2047.698672",1
" budapest &bbox=18.949233%2047.446433%2019.122267%2047.539224",1
" budapest &bbox=18.978502%2046.8057%2020.362779%2047.552433",1
" budapest &bbox=18.999607%2047.466513%2019.086125%2047.512911",1
" budapest &bbox=19.018505%2047.481539%2019.061763%2047.504736",1
" budapest &bbox=19.034299%2047.489166%2019.045114%2047.494966",1
" budapest &bbox=19.038421%2047.490065%2019.049236%2047.495864",1
" savona &bbox=8.462562%2044.292831%208.502559%2044.3174",1
" savona &bbox=8.463249%2044.29148%208.503246%2044.316049",1
" savona &bbox=8.463418%2044.302445%208.483417%2044.314729",1
" savona &bbox=8.465179%2044.301984%208.485177%2044.314268",1
" savona &bbox=8.467797%2044.30501%208.477796%2044.311152",1
" savona &bbox=8.468891%2044.305747%208.47889%2044.311889",1
" savona &bbox=8.470029%2044.304349%208.480028%2044.310491",1
" savona &bbox=8.47108%2044.304841%208.48108%2044.310983",1
" savona &bbox=8.471146%2044.298821%208.491144%2044.311105",1
" savona &bbox=8.475437%2044.301785%208.485436%2044.307927",1
" istanbul &bbox=28.773878%2040.914031%2029.119947%2041.121263",1
" istanbul &bbox=28.942949%2040.997456%2028.986208%2041.023363",1
" istanbul &bbox=28.956947%2040.99914%2029.000205%2041.025046",1
" istanbul &bbox=28.961776%2041.014361%2029.134811%2041.117901",1
" istanbul &bbox=28.964867%2041.014879%2029.137902%2041.118418",1
" istanbul &bbox=28.997018%2041.005682%2029.083535%2041.057479",1
" istanbul &bbox=29.016425%2041.008532%2029.102942%2041.060327",1
" istanbul &bbox=29.021024%2041.030356%2029.042653%2041.043304",1
" istanbul &bbox=29.0233%2041.031715%2029.044929%2041.044663",1
" istanbul &bbox=29.028737%2041.048288%2029.071995%2041.074175",1
" istanbul &bbox=29.028994%2041.058579%2029.072253%2041.084462",1
" istanbul &bbox=29.03157%2041.03547%2029.074829%2041.061362",1
" istanbul &bbox=29.038784%2041.036571%2029.082042%2041.062462",1
" istanbul &bbox=29.05072%2041.055732%2029.093979%2041.081616",1
" istanbul &bbox=29.05218%2041.066281%2029.095439%2041.09216",1
" +chelsea%2C+Massachusetts &utf8=%E2%9C%93",1
" Chelsea%2C+massachusetts.+ &utf8=%E2%9C%93",1
" Rumeli+hisar%C4%B1+ &utf8=%E2%9C%93",1
" sweden&bbox=10.964236%2055.279115%2022.038454%2059.977005",1
" sweden&bbox=11.074153%2055.040614%2022.148372%2059.76746",1
" sweden&bbox=7.075195%2052.241256%2029.223633%2061.752331",1
" 1815&bbox=-172.265625%20-78.767792%20-177.890625%2081.413933",1
" 1815&bbox=28.946829%2041.005423%2028.990087%2041.031327",1
" 1815+city+map&bbox=28.947858%2041.005229%2028.991117%2041.031133",1
" 1853+city+map&bbox=-10.722656%20-10.314919%2077.871094%2051.289406",1
" 1853+city+map&bbox=28.76976%2040.917145%2029.115829%2041.124366",1
" 1853+city+map&bbox=28.947603%2041.00769%2028.990862%2041.033593",1
" 1861+city+map&bbox=28.878937%2040.949047%2029.051971%2041.05269",1
" 1861+city+map&bbox=28.92288%2040.991301%2029.009397%2041.04311",1
" 1882+city+map&bbox=-29.53125%200.878872%2059.0625%2057.797944",1
" 1882+city+map&bbox=27.883301%2039.89288%2030.651855%2041.557922",1
" german&bbox=-43.945312%20-31.052934%20133.242188%2072.711903",1
" german&bbox=28.927171%2040.98547%2029.013688%2041.037283",1
" wetland&bbox=-113.742158%2023.563987%20-69.445283%2050.958427",1
" wetland&bbox=-120.337227%2024.046464%20-76.040352%2051.289406",1
" wetland&bbox=-141.885129%203.337954%20-53.291379%2059.085739",1
" wetland&bbox=-142.412735%207.188101%20-53.818985%2061.015725",1
" wetland&bbox=-154.01674%208.407168%20-65.42299%2061.606396",1
" europe&bbox=-14.759965%2031.802893%2067.154097%2071.469124",1
" europe&bbox=-36.54637%20-6.664608%20127.281755%2078.971386",1
" trenches&bbox=-23.198938%2023.725012%2065.394812%2068.334376",1
" &bbox=-0.368042%2051.321172%200.324097%2051.663186",1
" &bbox=-0.703125%20-27.683528%20172.96875%2073.82482",1
" &bbox=-101.548548%20-43.580391%2051.029577%2067.339861",1
" &bbox=-106.79149%201.113213%20-68.646959%2034.064797",1
" &bbox=-119.82419%20-71.635993%2056.660185%2034.016242",1
" &bbox=-149.486992%20-70.020587%2027.700508%2037.996163",1
" &bbox=-158.534521%20-39.186847%20-5.956396%2069.493507",1
" &bbox=-164.942135%20-68.39918%20-171.973385%2085.568066",1
" &bbox=-18.241027%20-28.459042%2070.352723%2037.579404",1
" &bbox=-21.473596%20-67.214713%20105.088904%2043.814634",1
" &bbox=-21.99006%20-26.74561%2059.924003%2039.095963",1
" &bbox=-27.702915%2040.313043%2060.539272%2074.54333",1
" &bbox=-32.798034%2010.487812%2055.444154%2062.593341",1
" &bbox=-62.94726%2045.663966%20-60.178705%2047.178512",1
" &bbox=-62.959697%2013.581921%20114.227803%2082.261699",1
" &bbox=-70.145062%2041.734173%20-70.058544%2041.785393",1
" &bbox=-70.283382%2041.697013%20-69.937312%2041.901766",1
" &bbox=-70.289926%20-84.490966%2017.952262%20-71.357067",1
" &bbox=-71.676952%2041.887966%20-70.292674%2042.700604",1
" &bbox=-71.684101%20-27.371767%20104.800274%2073.922469",1
" &bbox=-72.435384%2042.022773%20-71.051107%2042.833681",1
" &bbox=-74.75283%20-37.09024%20-63.678612%20-29.764377",1
" &bbox=-77.551839%20-45.336702%204.362224%2018.979026",1
" &bbox=-79.171526%20-34.524661%20-68.097307%20-26.980829",1
" &bbox=-92.767352%20-86.53195%2083.717023%20-51.179343",1
" &bbox=-96.608266%2010.026556%20-77.536%2026.640914",1
" &bbox=-97.253167%209.824547%20-78.180901%2026.45746",1
" &bbox=-98.049539%20-81.281717%20-9.807351%20-60.844911",1
" &bbox=-99.279395%20-81.748454%20-11.037208%20-62.349609",1
" &bbox=0.007896%2051.50356%200.051155%2051.524926",1
" &bbox=0.037946%2051.50356%200.081205%2051.524926",1
" &bbox=0.059793%2051.518567%200.062496%2051.519903",1
" &bbox=0.059873%2051.518327%200.062577%2051.519662",1
" &bbox=10.226396%2066.904216%2021.256669%2070.117959",1
" &bbox=10.751618%20-86.894401%203.720368%2059.534318",1
" &bbox=10.7974%2067.305976%2021.827674%2070.466207",1
" &bbox=100.986328%2025.878994%20145.283203%2052.536273",1
" &bbox=113.576551%2028.265682%20124.65077%2035.710838",1
" &bbox=113.796387%2033.100745%20124.870605%2040.145289",1
" &bbox=117.79167%2046.437857%20-153.61458%2076.639226",1
" &bbox=118.273288%2030.477083%20121.041843%2032.352123",1
" &bbox=118.67404%2039.425287%20121.442595%2041.10183",1
" &bbox=118.891128%2039.540951%20121.659682%2041.214659",1
" &bbox=119.61219%2039.904914%20120.996467%2040.742494",1
" &bbox=120.025635%2037.71859%20125.562744%2041.112469",1
" &bbox=129.520595%20-88.618098%20122.489345%2027.059126",1
" &bbox=14.80499%20-7.551288%2036.953428%209.954421",1
" &bbox=140.282554%2051.672555%20-175.420571%2068.688521",1
" &bbox=151.220378%2054.54658%20173.368816%2063.528971",1
" &bbox=156.405239%20-49.382373%20149.373989%2087.714642",1
" &bbox=2.305268%20-16.72039%2046.602143%2017.895109",1
" &bbox=2.481049%20-16.551967%2046.777924%2018.062307",1
" &bbox=24.433441%2032.990236%2035.50766%2040.044438",1
" &bbox=24.609375%20-55.37911%20151.171875%2059.175928",1
" &bbox=28.192815%2030.581179%2039.267034%2037.840157",1
" &bbox=28.806169%2040.666056%2029.498308%2041.081421",1
" &bbox=28.916703%2040.770662%2029.262773%2040.978343",1
" &bbox=28.920825%2040.769622%2029.266895%2040.977306",1
" &bbox=29.423895%2030.164126%2040.498114%2037.457418",1
" &bbox=29.701481%20-12.613834%2044.516077%203.741022",1
" &bbox=29.777557%2014.247345%2074.074432%2044.326991",1
" &bbox=30.279204%2032.916485%2035.816313%2036.527295",1
" &bbox=32.858599%20-9.49653%2048.678911%208.011578",1
" &bbox=35.363604%20-3.48047%2043.27376%205.29888",1
" &bbox=35.611428%20-9.125855%2043.521584%20-0.375622",1
" &bbox=36.126704%20-5.301066%2044.03686%203.478279",1
" &bbox=36.296146%20-4.159633%2044.206303%204.620753",1
" &bbox=36.755871%20-3.992257%2041.874779%201.691939",1
" &bbox=37.264116%20-12.554564%20119.178178%2049.837982",1
" &bbox=37.41631%20-6.381851%2041.371388%20-2.00015",1
" &bbox=37.504079%20-6.567298%2041.459157%20-2.186664",1
" &bbox=38.199463%20-7.16085%2040.177002%20-4.976033",1
" &bbox=38.343845%20-4.712146%2040.594125%20-2.216602",1
" &bbox=38.375356%20-6.276646%2040.352895%20-4.088499",1
" &bbox=38.446812%20-4.599856%2040.830518%20-1.955863",1
" &bbox=38.531955%20-3.719459%2040.509495%20-1.524629",1
" &bbox=38.538195%20-4.533242%2040.515734%20-2.340062",1
" &bbox=38.573097%20-3.9714%2040.550636%20-1.777034",1
" &bbox=38.57584%20-4.009733%2040.553379%20-1.81544",1
" &bbox=38.6398%20-4.412772%2040.617339%20-2.21932",1
" &bbox=38.795109%20-3.36336%2040.772648%20-1.167946",1
" &bbox=38.91625%20-3.262445%2040.766489%20-1.208299",1
" &bbox=39.745131%20-7.442098%2045.677508%20-0.871549",1
" &bbox=4.412621%2062.431074%2026.473168%2069.534518",1
" &bbox=46.293554%2053.307735%20131.020117%2078.896472",1
" &bbox=5.29109%2065.549367%2027.351637%2071.883578",1
" &bbox=67.967125%20-58.902318%20-165.470375%2055.680125",1
" &bbox=85.473306%20-23.241346%20-97.339194%2075.140778",1
" 1821&bbox=27.976491%2040.078071%2030.745046%2041.738528",1
" 1821&bbox=28.910165%2040.945936%2029.0832%2041.049583",1
" 1821&bbox=28.911195%2040.945158%2029.08423%2041.048806",1
" 1843&bbox=-26.71875%209.622414%2061.875%2062.186014",1
" 1843&bbox=19.889227%20-26.124756%2064.186102%208.049559",1
" 1843&bbox=26.665532%20-25.644311%2070.962407%208.577966",1
" 1843&bbox=28.666077%2040.876141%2029.358215%2041.29019",1
" 1843&bbox=28.818512%2040.943602%2029.164581%2041.15074",1
" 1995+VTDs&bbox=76.640625%20-72.60712%2071.015625%2084.474065",1
" 1995+precinct&bbox=-180%20-87.384457%20180%2089.726479",1
" 1995+voting+district&bbox=-101.733398%2025.76032%20-90.65918%2033.394759",1
" 1995+voting+district&bbox=-103.879805%2026.568877%20-92.805587%2034.143635",1
" 1995+voting+district&bbox=-112.973105%2023.725012%20-90.824667%2038.68551",1
" 1995+voting+district&bbox=-114.248151%2023.644524%20-92.099714%2038.61687",1
" Brookline&bbox=-71.154843%2042.303595%20-71.068326%2042.354358",1
" Burma&bbox=-14.025876%20-55.64073%20168.120086%2071.175874",1
" Burma&bbox=61.562687%20-13.4109%20148.663639%2055.982827",1
" Burma&bbox=75.883545%20-3.147221%20120.804857%2036.162114",1
" Burma&bbox=82.145982%207.733061%20109.808329%2031.832708",1
" Burma&bbox=87.055664%2013.624633%20105.864258%2029.878755",1
" Cambridge&bbox=-112.86805%2032.990236%20-24.2743%2071.910888",1
" Census+Voting+Districts+1990&bbox=-142.207031%205.266008%20-53.613281%2060.06484",1
" Census+Voting+Districts+1990&bbox=-92.900391%2028.88316%20-70.751953%2043.036776",1
" China+&bbox=65.039063%20-11.005904%20140.273438%2050.847573",1
" China+census&bbox=65.214844%20-8.05923%20140.449219%2052.696361",1
" Dublin",1
" HGIS&bbox=-1.977539%2044.182204%2019.995117%2055.453941",1
" HGIS&bbox=-17.050781%2023.563987%2043.681641%2050.958427",1
" HGIS&bbox=2.724609%2046.377254%2024.697266%2057.183902",1
" HGIS&bbox=2.746582%2044.995883%2017.929688%2050.875311",1
" HGIS&bbox=7.053223%2047.731934%2014.644775%2050.604159",1
" HGIS&bbox=7.283936%2047.835283%2014.875488%2050.701677",1
" HGIS&bbox=7.822266%2047.717154%2015.413818%2050.590212",1
" HGIS+Germany&bbox=1.889212%2044.840291%2024.03765%2055.973798",1
" Saalfeld&bbox=11.285362%2050.543108%2011.420288%2050.6303",1
" Saalfeld&bbox=11.31918%2050.564921%2011.386642%2050.608517",1
" Saalfeld&bbox=11.343555%2050.575388%2011.411018%2050.618974",1
" Saalfeld&bbox=11.363524%2050.61888%2011.365633%2050.620242",1
" Saalfeld&bbox=11.370711%2050.604505%2011.379144%2050.609953",1
" Saalfeld&bbox=11.371847%2050.607128%2011.376064%2050.609852",1
" Saalfeld&bbox=11.374396%2050.604544%2011.382828%2050.609991",1
" Saalfeld&bbox=11.377469%2050.52088%2011.647321%2050.695184",1
" Saalfeld&bbox=11.379089%2050.519976%2011.648941%2050.694283",1
" Saalfeld&bbox=11.379862%2050.600755%2011.396728%2050.611649",1
" Saalfeld&bbox=11.384089%2050.603479%2011.392522%2050.608926",1
" Saalfeld&bbox=11.387115%2050.598821%2011.40398%2050.609716",1
" Saalfeld&bbox=11.929779%2050.640752%2012.469482%2050.987828",1
" Saalfeld&bbox=12.348633%2050.712113%2012.888336%2051.05866",1
" Saalfeld&bbox=12.365175%2050.726899%2012.904879%2051.073337",1
" Saalfeld&bbox=13.075104%2051.16815%2013.614807%2051.511307",1
" Saalfeld&bbox=13.480225%2051.440313%2014.559631%2052.119999",1
" San+Joaquin&bbox=-120.420548%2035.474092%20-119.036271%2036.363799",1
" San+Joaquin&bbox=-120.871211%2035.672916%20-119.486934%2036.560394",1
" San+Joaquin&bbox=-122.750419%2036.615528%20-119.981864%2038.358888",1
" South+Carolina+Precinct&bbox=-84.946289%2029.439598%20-75.849609%2036.791691",1
" South+Carolina+Voting+District&bbox=-84.814453%2035.191767%20-75.717773%2042.049293",1
" ULA&bbox=20.978276%2030.266659%2043.126713%2044.188507",1
" ULA&bbox=32.05653%2025.898761%2043.130749%2033.523078",1
" ULA&bbox=34.450518%2025.536494%2039.987627%2029.433857",1
" ULA&bbox=35.722148%2030.577396%2041.259257%2034.285361",1
" ULA&bbox=35.820099%2023.720989%2041.357209%2027.679637",1
" ULA&bbox=37.502308%2026.113026%2038.886586%2027.09532",1
" ULA&bbox=37.78605%2026.430367%2038.13212%2026.676054",1
" ULA&bbox=37.907594%2026.526432%2037.994111%2026.587852",1
" ULA&bbox=37.934224%2026.542742%2037.977482%2026.573452",1
" ULA&bbox=37.934411%2026.538749%2037.97767%2026.56946",1
" ULA&bbox=37.953509%2026.554113%2037.964324%2026.561791",1
" bangkok&bbox=79.92559%20-5.266008%20124.222465%2028.613459",1
" brasil&bbox=-52.888184%20-10.811724%20-41.813965%20-2.086941",1
" brasil&bbox=-61.479492%20-20.014645%20-42.407227%20-2.855263",1
" brasil&bbox=-70.048828%20-28.381735%20-31.904297%205.528511",1
" brasil&bbox=-71.894531%20-25.958045%20-27.597656%208.233237",1
" budapest&bbox=-56.601562%20-40.178873%20120.585938%2069.037142",1
" budapest&bbox=16.765137%2045.305803%2022.302246%2048.312428",1
" budapest&bbox=18.251038%2046.984%2019.635315%2047.72824",1
" budapest&bbox=18.975097%2047.448058%2019.148131%2047.540846",1
" budapest&bbox=18.992271%2047.445968%2019.165306%2047.53876",1
" budapest&bbox=9.667969%2029.53523%2053.964844%2054.977614",1
" china&bbox=84.462891%2015.623037%20128.759766%2045.336702",1
" china&bbox=87.276786%2015.623037%20131.573661%2045.336702",1
" city+boundaries&bbox=-89.168965%2031.128199%20-67.020527%2044.902578",1
" city+boundaries&bbox=-89.300866%2030.410782%20-67.152429%2044.308127",1
" city+boundaries&bbox=-91.238451%2024.367114%20-46.941576%2051.508742",1
" city+boundaries&bbox=-95.10289%2021.943046%20-50.806015%2049.837982",1
" city+map+1821&bbox=28.945375%2041.001666%2028.988633%2041.027571",1
" cranston+rhode+island&bbox=-71.376099%2041.682912%20-71.332841%2041.708548",1
" cranston+rhode+island&bbox=-71.384085%2041.695026%20-71.340827%2041.720657",1
" cranston+rhode+island&bbox=-71.413282%2041.724116%20-71.370024%2041.749736",1
" cranston+rhode+island&bbox=-71.413368%2041.730458%20-71.37011%2041.756075",1
" cranston+rhode+island&bbox=-71.417999%2041.72623%20-71.331482%2041.777457",1
" cranston+rhode+island&bbox=-71.422121%2041.745957%20-71.335604%2041.797168",1
" cranston+rhode+island&bbox=-71.423151%2041.753385%20-71.336634%2041.80459",1
" cranston+rhode+island&bbox=-71.42721%2041.663936%20-71.254175%2041.766446",1
" cranston+rhode+island&bbox=-71.454346%2041.650597%20-71.281311%2041.753129",1
" cranston+rhode+island&bbox=-71.871172%2041.376809%20-71.179033%2041.787697",1
" denmark&bbox=10.091629%2055.911503%2010.389633%2056.065136",1
" denmark&bbox=9.415283%2055.463285%2010.6073%2056.081232",1
" dublin&bbox=-6.284955%2053.337767%20-6.263326%2053.348015",1
" dublin&bbox=-6.442795%2053.299287%20-6.096725%2053.463117",1
" ethnicity&bbox=6.943359%20-25.878994%2048.427734%208.320212",1
" florence&bbox=-37.562896%208.82428%2051.030854%2061.80636",1
" florence&bbox=10.302898%2043.329973%2011.687175%2044.123874",1
" florence&bbox=6.049267%2038.623737%2017.123486%2045.157251",1
" florence&bbox=8.704565%2041.363617%2014.241674%2044.577948",1
" georgia&bbox=-85.388348%2030.704058%20-79.851239%2034.40691",1
" germany&bbox=-11.511189%2037.509726%2028.127483%2060.10867",1
" germany&bbox=-13.443711%2038.134557%2026.194961%2060.500525",1
" germany&bbox=-5.625%2038.548165%2031.113281%2060.75916",1
" getting+over+it&bbox=-180%20-88.398875%20180%2089.553138",1
" harvard%2C+ma&bbox=-71.687492%2042.448426%20-71.514458%2042.549677",1
" harvard%2C+ma&bbox=-71.688429%2042.448657%20-71.515395%2042.549907",1
" harvard%2C+ma&bbox=-71.697883%2042.389579%20-71.351813%2042.592108",1
" harvard%2C+ma&bbox=-71.819838%2042.285622%20-71.127699%2042.690695",1
" harvard%2C+ma&bbox=-71.911019%2042.251439%20-71.218881%2042.656733",1
" harvard%2C+ma&bbox=-72.266358%2042.001253%20-70.882081%2042.812438",1
" harvard%2C+ma&bbox=-72.65107%2042.01424%20-71.266793%2042.825258",1
" harvard%2C+ma&bbox=-73.35022%2041.257162%20-70.581665%2042.88804",1
" harvard&bbox=-88.093482%2033.513919%20-77.019263%2040.522151",1
" harvard+university&bbox=-107.226911%209.102097%20-18.633161%2061.93895",1
" harvard+university&bbox=-71.157592%2042.349537%20-71.071075%2042.400263",1
" harvard+university&bbox=-71.181439%2042.322001%20-71.008404%2042.423457",1
" harvard+university&bbox=-81.167058%2033.468108%20-59.01862%2046.830134",1
" health&bbox=-101.601562%208.581021%20-13.710937%2061.689872",1
" health&bbox=-86.044922%2032.212801%20-64.072266%2045.79817",1
" hgis&bbox=-30.234375%2025.005973%2058.359375%2068.847665",1
" historical+data&bbox=-180%20-89.542035%20180%2088.437689",1
" historical+data&bbox=126.602323%2029.382175%20148.750761%2043.452919",1
" historical+data&bbox=131.108779%2032.082575%20142.182998%2039.215231",1
" historical+data+of+istanbul&bbox=-0.703125%20-3.864255%2071.71875%2055.178868",1
" indonesia&bbox=101.206055%20-10.876465%20120.27832%206.620957",1
" indonesia&bbox=104.985352%20-10.444598%20124.057617%207.057282",1
" indonesia&bbox=118.970194%20-10.473409%20138.042459%207.028206",1
" iraq&bbox=35.90332%2017.266728%2054.975586%2033.100745",1
" iraq&bbox=40.729508%2027.974999%2050.265641%2035.442772",1
" iraq&bbox=40.758821%2027.365264%2050.294954%2034.879924",1
" iraq&bbox=41.550293%2021.309846%2051.086426%2029.248063",1
" iraq&bbox=42.385735%2025.211569%2051.921868%2032.885739",1
" israel&bbox=33.793825%2030.779598%2036.56238%2032.648626",1
" istanbul&bbox=-46.757812%20-42.55308%20130.429688%2067.875541",1
" istanbul&bbox=-73.828125%20-56.170023%20103.359375%2058.447733",1
" istanbul&bbox=-8.261719%20-2.460181%2080.332031%2055.973798",1
" istanbul&bbox=15.161133%2026.352498%2037.30957%2040.913513",1
" istanbul&bbox=18.193359%2030.977609%2040.341797%2044.777936",1
" istanbul&bbox=27.862701%2041.23238%2028.45871%2041.644183",1
" istanbul&bbox=28.434989%2040.704934%2029.819266%2041.532569",1
" istanbul&bbox=28.60569%2040.811523%2029.297829%2041.225977",1
" istanbul&bbox=28.678249%2040.91628%2029.370388%2041.330076",1
" istanbul&bbox=28.690109%2040.919739%2029.010086%2041.126953",1
" istanbul&bbox=28.868547%2040.955357%2029.214616%2041.162459",1
" istanbul&bbox=28.86931%2040.946714%2029.215379%2041.153842",1
" istanbul&bbox=28.88134%2040.977047%2029.054375%2041.080645",1
" istanbul&bbox=28.902969%2040.979898%2029.076004%2041.083492",1
" istanbul&bbox=28.930449%2040.986118%2029.103483%2041.089702",1
" istanbul&bbox=28.931616%2040.989565%2029.018134%2041.041375",1
" istanbul&bbox=28.931808%2040.988062%2029.000645%2041.039873",1
" istanbul&bbox=28.95356%2041.011188%2028.973559%2041.02414",1
" istanbul&bbox=28.9545%2041.016053%2028.959499%2041.019291",1
" istanbul&bbox=28.954779%2041.01628%2028.957279%2041.017899",1
" istanbul&bbox=28.955471%2041.017239%2028.957971%2041.018858",1
" istanbul&bbox=28.955761%2041.017425%2028.95826%2041.019044",1
" istanbul&bbox=28.955814%2041.017445%2028.958314%2041.019064",1
" istanbul&bbox=28.961544%2041.010378%2028.981543%2041.02333",1
" istanbul&bbox=29.022534%2041.032023%2029.033349%2041.038497",1
" istanbul&bbox=29.51683%2040.925446%2029.8629%2041.132642",1
" istanbul+map&bbox=28.24173%2040.92389%2028.928375%2041.337638",1
" istanbul+map&bbox=28.343353%2041.056573%2029.029999%2041.469486",1
" jakarta&bbox=105.748198%20-7.460518%20108.516753%20-5.276948",1
" jakarta&bbox=105.918571%20-7.75998%20108.687125%20-5.577717",1
" jakarta&bbox=105.985107%20-9.568251%20111.522217%20-5.211306",1
" jakarta&bbox=106.556127%20-6.496806%20107.248266%20-5.950729",1
" jakarta&bbox=106.582233%20-6.566389%20107.274371%20-6.020385",1
" jakarta&bbox=106.754745%20-6.402648%20107.100814%20-6.129631",1
" jakarta&bbox=106.817952%20-6.384565%20106.990987%20-6.24807",1
" jakarta&bbox=106.848861%20-6.342938%20107.021896%20-6.206432",1
" jakarta&bbox=106.879613%20-6.356587%20106.96613%20-6.28834",1
" jakarta&bbox=106.893099%20-6.395142%20106.936357%20-6.361023",1
" jakarta&bbox=106.897131%20-6.363838%20106.94039%20-6.329716",1
" jakarta&bbox=106.901072%20-6.352151%20107.074107%20-6.215647",1
" jakarta&bbox=106.924696%20-6.380556%20106.967955%20-6.346436",1
" jakarta&bbox=106.934658%20-6.393351%20106.977916%20-6.359231",1
" jakarta&bbox=106.949319%20-6.31308%20107.035837%20-6.244828",1
" jakarta&bbox=106.998907%20-6.278785%20107.085425%20-6.210528",1
" jakarta&bbox=107.166138%20-8.222364%20109.934692%20-6.042236",1
" maine&bbox=-73.532185%2042.006257%20-63.710407%2048.200708",1
" maine&bbox=-73.552521%2041.997136%20-63.730743%2048.192527",1
" maine&bbox=-80.677365%2032.447493%20-41.390256%2056.880687",1
" marine&bbox=-180%20-89.758067%20180%2087.043098",1
" milton&bbox=-71.104546%2042.226611%20-71.02232%2042.277436",1
" milton&bbox=-71.110725%2042.213517%20-71.0285%2042.264352",1
" milton&bbox=-71.141281%2042.18554%20-70.97683%2042.287215",1
" milton&bbox=-71.396027%2042.05847%20-70.73822%2042.465006",1
" milton&bbox=-73.322754%2039.96028%20-68.060303%2043.245203",1
" namibia&bbox=11.655803%20-20.749532%2016.665568%20-16.587336",1
" namibia&bbox=11.877067%20-20.523422%2016.886832%20-16.355639",1
" namibia&bbox=12.809713%20-19.555868%2015.314596%20-17.472462",1
" namibia&bbox=13.32899%20-18.76055%2014.581431%20-17.71713",1
" namibia&bbox=13.580388%20-18.410482%2014.206609%20-17.888498",1
" oneida+new+york&bbox=-75.58042%2042.779275%20-74.888281%2043.181147",1
" oneida+new+york&bbox=-75.629883%2042.198004%20-74.937744%2042.603642",1
" oneida+new+york&bbox=-75.804377%2042.587466%20-75.112239%2042.990586",1
" poland&bbox=14.612624%2047.901614%2025.686842%2053.46189",1
" poland&bbox=14.766585%2048.180739%2025.840804%2053.709714",1
" poland&bbox=8.481882%2044.590467%2030.630319%2055.776573",1
" population+density&bbox=-111.884766%2024.44715%20-70.400391%2051.563412",1
" population+density&bbox=-160.664062%20-45.336702%205.273438%2066.372755",1
" population+density&bbox=-98.547378%2043.00879%20-88.176284%2049.099162",1
" population+density&bbox=142.03125%20-81.308321%20113.90625%2078.903929",1
" rail&bbox=101.608236%2017.727759%20145.905111%2046.860191",1
" rail&bbox=112.77546%2026.362342%20118.312569%2030.230595",1
" rail&bbox=113.390999%2026.244156%20118.928109%2030.116622",1
" residential+security+map&bbox=-122.554256%2037.55307%20-122.208186%2037.770498",1
" residential+security+map&bbox=-122.564148%2037.597042%20-122.218079%2037.814341",1
" residential+security+map&bbox=-122.586681%2037.615319%20-122.240612%2037.832565",1
" rivers&bbox=-63.39143%2028.22697%20-19.094555%2054.110943",1
" ukraine&bbox=20.873064%2042.714732%2043.021501%2054.290882",1
" vegetation&bbox=-180%20-88.992047%20180%2089.290141",1
" vegetation+south+america&bbox=-86.61699%20-57.502334%201.97676%20-0.32645",1
" vegetation+south+america&bbox=-90.664796%20-57.502334%20-2.071046%20-0.32645",1
" vernon&bbox=-76.071592%2042.789354%20-74.687314%2043.590338",1
" vernon&bbox=-78.771733%2041.054502%20-73.234623%2044.284537",1
" vernon&bbox=-86.131853%2036.456636%20-63.983415%2049.267805",1
" vernon+new+york&bbox=-76.36567%2042.569264%20-73.597115%2044.166445",1
" vernon+new+york&bbox=-77.870619%2040.797177%20-72.33351%2044.040219",1
" vernon+new+york&bbox=-80.6387%2039.113014%20-69.564481%2045.598666",1
" vernon+new+york&bbox=-82.55127%2034.741612%20-71.477051%2041.640078",1
" war&bbox=-0.394701%2047.279229%2010.679518%2052.908902",1
" war&bbox=2.109577%2048.589326%207.646686%2051.412912",1
" war&bbox=2.516273%2048.552978%208.053382%2051.378638",1
" watertown&bbox=-71.419221%2042.056431%20-70.727083%2042.46298",1
" watertown&bbox=-73.728038%2041.013066%20-68.190928%2044.245199",1
" z",1
" Philippines&bbox=100.898666%20-4.477856%20139.043197%2029.305561",1
" Philippines&bbox=103.185798%20-3.074695%20141.330329%2030.524413",1
" Philippines&bbox=24.960938%20-50.064192%20177.539063%2063.391522",1
" East+Africa&bbox=17.490234%20-4.039618%2055.371094%2029.688053",1
" East+Africa&bbox=31.574809%207.972198%2041.045024%2016.551962",1
" topographic&bbox=-122.34375%20-81.723188%20-179.296875%2078.349411",1
" topographic&bbox=12.647879%206.227934%2050.528739%2038.203655",1
" topographic&bbox=15.287661%20-0.703107%2053.16852%2032.546813",1
" topographic&bbox=24.782502%208.05923%2043.722932%2024.846565",1
" kakamega",1
" istanbul &bbox=28.774565%2040.91455%2029.120634%2041.12178",0